dataset,model,run,mean,rmse,nll_default,nll_mean,train_time,total_time
bikesharing,de,0,-0.008260314352810383,0.2880978286266327,-0.4469933807849884,0.17448332905769348,40.73972502397373,41.412173612974584
bikesharing,de,1,-0.011318551376461983,0.29503747820854187,-0.43750011920928955,0.19828559458255768,38.05470868991688,38.77971643721685
bikesharing,de,2,-0.010670000687241554,0.2896695137023926,-0.4506604075431824,0.1799238920211792,37.96699737990275,38.76126884808764
bikesharing,de,3,-0.0102926567196846,0.2857932448387146,-0.45698121190071106,0.16645193099975586,38.67020599776879,39.521710321772844
bikesharing,de,4,-0.007950174622237682,0.2808426320552826,-0.48328927159309387,0.14897768199443817,39.335643511265516,40.28202422102913
